{"cameraMode":{"drawMode":0,"name":"Shaded","section":"Shading Mode"},"sceneLighting":false,"audioPlay":false,"sceneViewState":{"showFog":true,"showMaterialUpdate":false,"showSkybox":false,"showFlares":true,"showImageEffects":true,"showParticleSystems":true},"in2DMode":false,"pivot":{"x":-0.1443786770105362,"y":0.5617817640304565,"z":0.0000010866342563531362},"rotation":{"x":-0.2610744535923004,"y":0.5338706374168396,"z":-0.17770680785179139,"w":-0.7843977808952332},"size":0.000017327589375781827,"orthographic":false}